section,label,filename,url,status
온보딩,,monimo_splash.PNG,https://wwit.design/images/posts/monimo/monimo_splash.PNG,downloaded
온보딩,,monimo_onboarding_01.PNG,https://wwit.design/images/posts/monimo/monimo_onboarding_01.PNG,downloaded
온보딩,,monimo_onboarding_02.PNG,https://wwit.design/images/posts/monimo/monimo_onboarding_02.PNG,downloaded
온보딩,,monimo_onboarding_03.PNG,https://wwit.design/images/posts/monimo/monimo_onboarding_03.PNG,downloaded
온보딩,,monimo_onboarding_04.PNG,https://wwit.design/images/posts/monimo/monimo_onboarding_04.PNG,downloaded
온보딩,,monimo_signup_01.PNG,https://wwit.design/images/posts/monimo/monimo_signup_01.PNG,downloaded
온보딩,,monimo_signup_02.PNG,https://wwit.design/images/posts/monimo/monimo_signup_02.PNG,downloaded
온보딩,,monimo_signup_03.PNG,https://wwit.design/images/posts/monimo/monimo_signup_03.PNG,downloaded
온보딩,,monimo_signup_04.PNG,https://wwit.design/images/posts/monimo/monimo_signup_04.PNG,downloaded
온보딩,,monimo_signup_05.PNG,https://wwit.design/images/posts/monimo/monimo_signup_05.PNG,downloaded
온보딩,,monimo_signup_06.PNG,https://wwit.design/images/posts/monimo/monimo_signup_06.PNG,downloaded
온보딩,,monimo_signup_07.PNG,https://wwit.design/images/posts/monimo/monimo_signup_07.PNG,downloaded
온보딩,,monimo_signup_08.PNG,https://wwit.design/images/posts/monimo/monimo_signup_08.PNG,downloaded
온보딩,,monimo_signup_09.PNG,https://wwit.design/images/posts/monimo/monimo_signup_09.PNG,downloaded
온보딩,,monimo_signup_code.PNG,https://wwit.design/images/posts/monimo/monimo_signup_code.PNG,failed:404
온보딩,,monimo_signin_password_01.PNG,https://wwit.design/images/posts/monimo/monimo_signin_password_01.PNG,downloaded
온보딩,,monimo_signin_password_02.PNG,https://wwit.design/images/posts/monimo/monimo_signin_password_02.PNG,downloaded
온보딩,,monimo_signin_password_03.PNG,https://wwit.design/images/posts/monimo/monimo_signin_password_03.PNG,downloaded
홈,,monimo_home.PNG,https://wwit.design/images/posts/monimo/monimo_home.PNG,downloaded
홈,,monimo_noti.PNG,https://wwit.design/images/posts/monimo/monimo_noti.PNG,downloaded
젤리,,monimo_jelly_01.PNG,https://wwit.design/images/posts/monimo/monimo_jelly_01.PNG,downloaded
젤리,,monimo_jelly_02.PNG,https://wwit.design/images/posts/monimo/monimo_jelly_02.PNG,downloaded
젤리,,monimo_jelly_03.PNG,https://wwit.design/images/posts/monimo/monimo_jelly_03.PNG,downloaded
젤리,,monimo_jelly_03_animation.gif,https://wwit.design/images/posts/monimo/monimo_jelly_03_animation.gif,downloaded
젤리,,monimo_jelly_04.PNG,https://wwit.design/images/posts/monimo/monimo_jelly_04.PNG,downloaded
젤리,,monimo_jelly_05.PNG,https://wwit.design/images/posts/monimo/monimo_jelly_05.PNG,downloaded
젤리,,monimo_jelly_06.PNG,https://wwit.design/images/posts/monimo/monimo_jelly_06.PNG,downloaded
젤리,,monimo_jelly_07.PNG,https://wwit.design/images/posts/monimo/monimo_jelly_07.PNG,downloaded
송금,,monimo_transfer_01.PNG,https://wwit.design/images/posts/monimo/monimo_transfer_01.PNG,downloaded
송금,,monimo_transfer_02.PNG,https://wwit.design/images/posts/monimo/monimo_transfer_02.PNG,downloaded
송금,,monimo_transfer_03.PNG,https://wwit.design/images/posts/monimo/monimo_transfer_03.PNG,downloaded
송금,,monimo_transfer_04.PNG,https://wwit.design/images/posts/monimo/monimo_transfer_04.PNG,downloaded
송금,,monimo_transfer_05.PNG,https://wwit.design/images/posts/monimo/monimo_transfer_05.PNG,downloaded
송금,,monimo_transfer_06.PNG,https://wwit.design/images/posts/monimo/monimo_transfer_06.PNG,downloaded
송금,,monimo_transfer_07.PNG,https://wwit.design/images/posts/monimo/monimo_transfer_07.PNG,downloaded
송금,,monimo_transfer_08.PNG,https://wwit.design/images/posts/monimo/monimo_transfer_08.PNG,downloaded
송금,,monimo_transfer_09.PNG,https://wwit.design/images/posts/monimo/monimo_transfer_09.PNG,downloaded
송금,,monimo_transfer_10.PNG,https://wwit.design/images/posts/monimo/monimo_transfer_10.PNG,downloaded
송금,,monimo_transfer_11_mission.PNG,https://wwit.design/images/posts/monimo/monimo_transfer_11_mission.PNG,downloaded
마이 - 카드,,monimo_my_card.PNG,https://wwit.design/images/posts/monimo/monimo_my_card.PNG,downloaded
마이 - 카드,,monimo_my_card_detail.PNG,https://wwit.design/images/posts/monimo/monimo_my_card_detail.PNG,downloaded
마이 - 카드,,monimo_my_card_bill.PNG,https://wwit.design/images/posts/monimo/monimo_my_card_bill.PNG,downloaded
마이 - 카드,,monimo_my_card_history_01.PNG,https://wwit.design/images/posts/monimo/monimo_my_card_history_01.PNG,downloaded
마이 - 카드,,monimo_my_card_history_02.PNG,https://wwit.design/images/posts/monimo/monimo_my_card_history_02.PNG,downloaded
마이 - 카드,,monimo_my_card_history_03.PNG,https://wwit.design/images/posts/monimo/monimo_my_card_history_03.PNG,downloaded
마이 - 카드,,monimo_my_card_history_04.PNG,https://wwit.design/images/posts/monimo/monimo_my_card_history_04.PNG,downloaded
마이 - 생명,,monimo_my_lifeins.PNG,https://wwit.design/images/posts/monimo/monimo_my_lifeins.PNG,downloaded
마이 - 생명,,monimo_my_lifeins_detail.PNG,https://wwit.design/images/posts/monimo/monimo_my_lifeins_detail.PNG,downloaded
마이 - 생명,,monimo_my_lifeins_register_01.PNG,https://wwit.design/images/posts/monimo/monimo_my_lifeins_register_01.PNG,downloaded
마이 - 생명,,monimo_my_lifeins_register_02.PNG,https://wwit.design/images/posts/monimo/monimo_my_lifeins_register_02.PNG,downloaded
마이 - 생명,,monimo_my_lifeins_register_03.PNG,https://wwit.design/images/posts/monimo/monimo_my_lifeins_register_03.PNG,downloaded
마이 - 생명,,monimo_my_lifeins_register_04.PNG,https://wwit.design/images/posts/monimo/monimo_my_lifeins_register_04.PNG,downloaded
마이 - 생명,,monimo_my_lifeins_register_05.PNG,https://wwit.design/images/posts/monimo/monimo_my_lifeins_register_05.PNG,downloaded
마이 - 생명,,monimo_my_lifeins_register_06.PNG,https://wwit.design/images/posts/monimo/monimo_my_lifeins_register_06.PNG,downloaded
마이 - 생명,,monimo_my_lifeins_register_07.PNG,https://wwit.design/images/posts/monimo/monimo_my_lifeins_register_07.PNG,downloaded
마이 - 생명,,monimo_my_lifeins_claim.PNG,https://wwit.design/images/posts/monimo/monimo_my_lifeins_claim.PNG,downloaded
마이 - 화재,,monimo_my_fireins.PNG,https://wwit.design/images/posts/monimo/monimo_my_fireins.PNG,downloaded
마이 - 화재,,monimo_my_fireins_claim_01.PNG,https://wwit.design/images/posts/monimo/monimo_my_fireins_claim_01.PNG,downloaded
마이 - 화재,,monimo_my_fireins_claim_02.PNG,https://wwit.design/images/posts/monimo/monimo_my_fireins_claim_02.PNG,downloaded
마이 - 화재,,monimo_my_fireins_claim_03.PNG,https://wwit.design/images/posts/monimo/monimo_my_fireins_claim_03.PNG,downloaded
마이 - 화재,,monimo_my_fireins_claim_04.PNG,https://wwit.design/images/posts/monimo/monimo_my_fireins_claim_04.PNG,downloaded
마이 - 화재,,monimo_my_fireins_claim_05.PNG,https://wwit.design/images/posts/monimo/monimo_my_fireins_claim_05.PNG,downloaded
마이 - 화재,,monimo_my_fireins_claim_06.PNG,https://wwit.design/images/posts/monimo/monimo_my_fireins_claim_06.PNG,downloaded
마이 - 화재,,monimo_my_fireins_claim_07.PNG,https://wwit.design/images/posts/monimo/monimo_my_fireins_claim_07.PNG,downloaded
마이 - 증권,,monimo_my_stock_00.PNG,https://wwit.design/images/posts/monimo/monimo_my_stock_00.PNG,downloaded
마이 - 증권,,monimo_my_stock_01.PNG,https://wwit.design/images/posts/monimo/monimo_my_stock_01.PNG,downloaded
마이 - 증권,,monimo_my_stock_02.PNG,https://wwit.design/images/posts/monimo/monimo_my_stock_02.PNG,downloaded
마이 - 증권,,monimo_my_stock_03.PNG,https://wwit.design/images/posts/monimo/monimo_my_stock_03.PNG,downloaded
마이 - 증권,,monimo_my_stock_04.PNG,https://wwit.design/images/posts/monimo/monimo_my_stock_04.PNG,downloaded
마이 - 증권,,monimo_my_stock_05.PNG,https://wwit.design/images/posts/monimo/monimo_my_stock_05.PNG,downloaded
마이 - 증권,,monimo_my_stock_06.PNG,https://wwit.design/images/posts/monimo/monimo_my_stock_06.PNG,downloaded
마이 - 증권,,monimo_my_stock_07.PNG,https://wwit.design/images/posts/monimo/monimo_my_stock_07.PNG,downloaded
마이 - 내 자산 - 등록,,monimo_my_asset_registration_01.PNG,https://wwit.design/images/posts/monimo/monimo_my_asset_registration_01.PNG,downloaded
마이 - 내 자산 - 등록,,monimo_my_asset_registration_02.PNG,https://wwit.design/images/posts/monimo/monimo_my_asset_registration_02.PNG,downloaded
마이 - 내 자산 - 등록,,monimo_my_asset_registration_03.PNG,https://wwit.design/images/posts/monimo/monimo_my_asset_registration_03.PNG,downloaded
마이 - 내 자산 - 등록,,monimo_my_asset_registration_04.PNG,https://wwit.design/images/posts/monimo/monimo_my_asset_registration_04.PNG,downloaded
마이 - 내 자산 - 등록,,monimo_my_asset_registration_05_skeleton.PNG,https://wwit.design/images/posts/monimo/monimo_my_asset_registration_05_skeleton.PNG,downloaded
마이 - 내 자산 - 등록,,monimo_my_asset_registration_06.PNG,https://wwit.design/images/posts/monimo/monimo_my_asset_registration_06.PNG,downloaded
마이 - 내 자산 - 등록,,monimo_my_asset_registration_07.PNG,https://wwit.design/images/posts/monimo/monimo_my_asset_registration_07.PNG,downloaded
마이 - 내 자산 - 등록,,monimo_my_asset_registration_08.PNG,https://wwit.design/images/posts/monimo/monimo_my_asset_registration_08.PNG,downloaded
마이 - 내 자산 - 등록,,monimo_my_asset_registration_09.PNG,https://wwit.design/images/posts/monimo/monimo_my_asset_registration_09.PNG,downloaded
마이 - 내 자산 - 등록,,monimo_my_asset_registration_10.PNG,https://wwit.design/images/posts/monimo/monimo_my_asset_registration_10.PNG,downloaded
마이 - 내 자산 - 등록,,monimo_my_asset_registration_11.PNG,https://wwit.design/images/posts/monimo/monimo_my_asset_registration_11.PNG,downloaded
마이 - 내 자산 - 등록,,monimo_my_asset_registration_12.PNG,https://wwit.design/images/posts/monimo/monimo_my_asset_registration_12.PNG,downloaded
마이 - 내 자산 - 등록,,monimo_my_asset_registration_13.PNG,https://wwit.design/images/posts/monimo/monimo_my_asset_registration_13.PNG,downloaded
마이 - 내 자산 - 등록,,monimo_my_asset_registration_14.PNG,https://wwit.design/images/posts/monimo/monimo_my_asset_registration_14.PNG,downloaded
마이 - 내 자산 - 등록,,monimo_my_asset_registration_15.PNG,https://wwit.design/images/posts/monimo/monimo_my_asset_registration_15.PNG,downloaded
마이 - 내 자산,,monimo_my_asset.PNG,https://wwit.design/images/posts/monimo/monimo_my_asset.PNG,downloaded
마이 - 내 자산,,monimo_my_asset_card_registration_01.PNG,https://wwit.design/images/posts/monimo/monimo_my_asset_card_registration_01.PNG,downloaded
마이 - 내 자산,,monimo_my_asset_card_registration_02.PNG,https://wwit.design/images/posts/monimo/monimo_my_asset_card_registration_02.PNG,downloaded
마이 - 내 자산,,monimo_my_asset_card_registration_03.PNG,https://wwit.design/images/posts/monimo/monimo_my_asset_card_registration_03.PNG,downloaded
마이 - 내 자산,,monimo_my_asset_card_registration_04.PNG,https://wwit.design/images/posts/monimo/monimo_my_asset_card_registration_04.PNG,downloaded
마이 - 내 자산,,monimo_my_asset_card_registration_05.PNG,https://wwit.design/images/posts/monimo/monimo_my_asset_card_registration_05.PNG,downloaded
마이 - 내 자산,,monimo_my_asset_card_registration_06.PNG,https://wwit.design/images/posts/monimo/monimo_my_asset_card_registration_06.PNG,downloaded
마이 - 내 자산,,monimo_my_asset_credit_01.PNG,https://wwit.design/images/posts/monimo/monimo_my_asset_credit_01.PNG,downloaded
마이 - 내 자산,,monimo_my_asset_credit_02.PNG,https://wwit.design/images/posts/monimo/monimo_my_asset_credit_02.PNG,downloaded
마이 - 내 자산,,monimo_my_asset_credit_03.PNG,https://wwit.design/images/posts/monimo/monimo_my_asset_credit_03.PNG,downloaded
마이 - 내 자산,,monimo_my_asset_credit_04.PNG,https://wwit.design/images/posts/monimo/monimo_my_asset_credit_04.PNG,downloaded
마이 - 내 자산,,monimo_my_asset_credit_05.PNG,https://wwit.design/images/posts/monimo/monimo_my_asset_credit_05.PNG,downloaded
마이 - 내 자산,,monimo_my_asset_credit_06.PNG,https://wwit.design/images/posts/monimo/monimo_my_asset_credit_06.PNG,downloaded
마이 - 내 자산,,monimo_my_asset_credit_07.PNG,https://wwit.design/images/posts/monimo/monimo_my_asset_credit_07.PNG,downloaded
마이 - 내 자산,,monimo_my_asset_credit_08.PNG,https://wwit.design/images/posts/monimo/monimo_my_asset_credit_08.PNG,downloaded
마이 - 내 자산,,monimo_my_asset_credit_09.PNG,https://wwit.design/images/posts/monimo/monimo_my_asset_credit_09.PNG,downloaded
마이 - 내 자산,,monimo_my_asset_realestate_01.PNG,https://wwit.design/images/posts/monimo/monimo_my_asset_realestate_01.PNG,downloaded
마이 - 내 자산,,monimo_my_asset_realestate_02.PNG,https://wwit.design/images/posts/monimo/monimo_my_asset_realestate_02.PNG,downloaded
마이 - 내 자산,,monimo_my_asset_realestate_03.PNG,https://wwit.design/images/posts/monimo/monimo_my_asset_realestate_03.PNG,downloaded
마이 - 내 자산,,monimo_my_asset_realestate_04.PNG,https://wwit.design/images/posts/monimo/monimo_my_asset_realestate_04.PNG,downloaded
마이 - 내 자산,,monimo_my_asset_realestate_05.PNG,https://wwit.design/images/posts/monimo/monimo_my_asset_realestate_05.PNG,downloaded
마이 - 내 자산,,monimo_my_asset_realestate_06.PNG,https://wwit.design/images/posts/monimo/monimo_my_asset_realestate_06.PNG,downloaded
마이 - 내 자산,,monimo_my_asset_realestate_07.PNG,https://wwit.design/images/posts/monimo/monimo_my_asset_realestate_07.PNG,downloaded
마이 - 내 자산,,monimo_my_asset_realestate_08.PNG,https://wwit.design/images/posts/monimo/monimo_my_asset_realestate_08.PNG,downloaded
마이 - 내 자산,,monimo_my_asset_realestate_09.PNG,https://wwit.design/images/posts/monimo/monimo_my_asset_realestate_09.PNG,downloaded
마이 - 내 자산,,monimo_my_asset_realestate_10.PNG,https://wwit.design/images/posts/monimo/monimo_my_asset_realestate_10.PNG,downloaded
마이 - 내 자산,,monimo_my_asset_realestate_11.PNG,https://wwit.design/images/posts/monimo/monimo_my_asset_realestate_11.PNG,downloaded
마이 - 내 자산,,monimo_my_asset_realestate_12.PNG,https://wwit.design/images/posts/monimo/monimo_my_asset_realestate_12.PNG,downloaded
마이 - 내 자산,,monimo_my_asset_realestate_13.PNG,https://wwit.design/images/posts/monimo/monimo_my_asset_realestate_13.PNG,downloaded
마이 - 내 자산,,monimo_my_asset_realestate_14.PNG,https://wwit.design/images/posts/monimo/monimo_my_asset_realestate_14.PNG,downloaded
상품,,monimo_instrument_01.PNG,https://wwit.design/images/posts/monimo/monimo_instrument_01.PNG,downloaded
상품,,monimo_instrument_02.PNG,https://wwit.design/images/posts/monimo/monimo_instrument_02.PNG,downloaded
상품,,monimo_instrument_03.PNG,https://wwit.design/images/posts/monimo/monimo_instrument_03.PNG,downloaded
상품,,monimo_instrument_04.PNG,https://wwit.design/images/posts/monimo/monimo_instrument_04.PNG,downloaded
상품,,monimo_instrument_05.PNG,https://wwit.design/images/posts/monimo/monimo_instrument_05.PNG,downloaded
상품,,monimo_instrument_06.PNG,https://wwit.design/images/posts/monimo/monimo_instrument_06.PNG,downloaded
상품,,monimo_instrument_07.PNG,https://wwit.design/images/posts/monimo/monimo_instrument_07.PNG,downloaded
혜택,,monimo_benefit_01.PNG,https://wwit.design/images/posts/monimo/monimo_benefit_01.PNG,downloaded
혜택,,monimo_benefit_02_mission.PNG,https://wwit.design/images/posts/monimo/monimo_benefit_02_mission.PNG,downloaded
혜택,,monimo_benefit_03.PNG,https://wwit.design/images/posts/monimo/monimo_benefit_03.PNG,downloaded
혜택,,monimo_benefit_04.PNG,https://wwit.design/images/posts/monimo/monimo_benefit_04.PNG,downloaded
혜택,,monimo_benefit_05.PNG,https://wwit.design/images/posts/monimo/monimo_benefit_05.PNG,downloaded
더보기,,monimo_mypage_01.PNG,https://wwit.design/images/posts/monimo/monimo_mypage_01.PNG,downloaded
더보기,,monimo_mypage_02.PNG,https://wwit.design/images/posts/monimo/monimo_mypage_02.PNG,downloaded
더보기,,monimo_mypage_03.PNG,https://wwit.design/images/posts/monimo/monimo_mypage_03.PNG,downloaded
더보기,,monimo_mypage_money_01.PNG,https://wwit.design/images/posts/monimo/monimo_mypage_money_01.PNG,downloaded
더보기,,monimo_mypage_money_02.PNG,https://wwit.design/images/posts/monimo/monimo_mypage_money_02.PNG,downloaded
더보기,,monimo_mypage_money_03.PNG,https://wwit.design/images/posts/monimo/monimo_mypage_money_03.PNG,downloaded
더보기,,monimo_mypage_money_04.PNG,https://wwit.design/images/posts/monimo/monimo_mypage_money_04.PNG,downloaded
더보기,,monimo_mypage_money_05.PNG,https://wwit.design/images/posts/monimo/monimo_mypage_money_05.PNG,downloaded
더보기,,monimo_mypage_money_06.PNG,https://wwit.design/images/posts/monimo/monimo_mypage_money_06.PNG,downloaded
더보기,,monimo_mypage_04.PNG,https://wwit.design/images/posts/monimo/monimo_mypage_04.PNG,downloaded
더보기,,monimo_mypage_05.PNG,https://wwit.design/images/posts/monimo/monimo_mypage_05.PNG,downloaded
더보기,,monimo_mypage_06.PNG,https://wwit.design/images/posts/monimo/monimo_mypage_06.PNG,downloaded
더보기,,monimo_mypage_07.PNG,https://wwit.design/images/posts/monimo/monimo_mypage_07.PNG,downloaded
더보기,,monimo_mypage_08.PNG,https://wwit.design/images/posts/monimo/monimo_mypage_08.PNG,downloaded
더보기,,monimo_mypage_09.PNG,https://wwit.design/images/posts/monimo/monimo_mypage_09.PNG,downloaded
더보기,,monimo_mypage_10.PNG,https://wwit.design/images/posts/monimo/monimo_mypage_10.PNG,downloaded
더보기,,monimo_mypage_11.PNG,https://wwit.design/images/posts/monimo/monimo_mypage_11.PNG,downloaded
더보기,,monimo_mypage_12.PNG,https://wwit.design/images/posts/monimo/monimo_mypage_12.PNG,downloaded
더보기,,monimo_mypage_13.PNG,https://wwit.design/images/posts/monimo/monimo_mypage_13.PNG,downloaded
더보기,,monimo_mypage_14.PNG,https://wwit.design/images/posts/monimo/monimo_mypage_14.PNG,downloaded
더보기,,monimo_mypage_15.PNG,https://wwit.design/images/posts/monimo/monimo_mypage_15.PNG,downloaded
더보기,,monimo_mypage_16.PNG,https://wwit.design/images/posts/monimo/monimo_mypage_16.PNG,downloaded
더보기,,monimo_mypage_17.PNG,https://wwit.design/images/posts/monimo/monimo_mypage_17.PNG,downloaded
더보기,,monimo_mypage_18.PNG,https://wwit.design/images/posts/monimo/monimo_mypage_18.PNG,downloaded
설정,,monimo_setting_01.PNG,https://wwit.design/images/posts/monimo/monimo_setting_01.PNG,downloaded
설정,,monimo_setting_02.PNG,https://wwit.design/images/posts/monimo/monimo_setting_02.PNG,downloaded
설정,,monimo_setting_03.PNG,https://wwit.design/images/posts/monimo/monimo_setting_03.PNG,downloaded
설정,,monimo_setting_04.PNG,https://wwit.design/images/posts/monimo/monimo_setting_04.PNG,downloaded
설정,,monimo_setting_05.PNG,https://wwit.design/images/posts/monimo/monimo_setting_05.PNG,downloaded
설정,,monimo_setting_06.PNG,https://wwit.design/images/posts/monimo/monimo_setting_06.PNG,downloaded
설정,,monimo_setting_07.PNG,https://wwit.design/images/posts/monimo/monimo_setting_07.PNG,downloaded
설정,,monimo_setting_08.PNG,https://wwit.design/images/posts/monimo/monimo_setting_08.PNG,downloaded
설정,,monimo_setting_09.PNG,https://wwit.design/images/posts/monimo/monimo_setting_09.PNG,downloaded
설정,,monimo_setting_10.PNG,https://wwit.design/images/posts/monimo/monimo_setting_10.PNG,downloaded
설정,,monimo_setting_11.PNG,https://wwit.design/images/posts/monimo/monimo_setting_11.PNG,downloaded
